timestamp,episode,step,equity,drawdown
2026-04-18T18:15:41.933330+00:00,1,50,10000.0,0.0
2026-04-18T18:15:42.896421+00:00,1,100,10000.0,0.0
2026-04-18T18:15:43.872965+00:00,1,150,10000.0,0.0
2026-04-18T18:15:44.850190+00:00,1,200,10000.0,0.0
2026-04-18T18:15:45.812151+00:00,1,250,10000.0,0.0
2026-04-18T18:15:46.769554+00:00,1,300,10000.0,0.0
2026-04-18T18:15:47.720176+00:00,1,350,10000.0,0.0
2026-04-18T18:15:48.685095+00:00,1,400,10000.0,0.0
2026-04-18T18:15:49.655356+00:00,1,450,10000.0,0.0
2026-04-18T18:15:50.635219+00:00,1,500,10000.0,0.0
2026-04-18T18:15:51.608972+00:00,1,550,10000.0,0.0
2026-04-18T18:15:52.608006+00:00,1,600,10000.0,0.0
2026-04-18T18:15:53.598825+00:00,1,650,10000.0,0.0
2026-04-18T18:15:54.557489+00:00,1,700,10000.0,0.0
2026-04-18T18:15:55.519335+00:00,1,750,10000.0,0.0
2026-04-18T18:15:56.460626+00:00,1,800,10000.0,0.0
2026-04-18T18:15:57.409383+00:00,1,850,10000.0,0.0
2026-04-18T18:15:58.364524+00:00,1,900,10000.0,0.0
2026-04-18T18:15:59.298494+00:00,1,950,10000.0,0.0
2026-04-18T18:16:00.232318+00:00,1,1000,10000.0,0.0
2026-04-18T18:16:01.197663+00:00,1,1050,10000.0,0.0
2026-04-18T18:16:02.112778+00:00,1,1100,10000.0,0.0
2026-04-18T18:16:03.020806+00:00,1,1150,10000.0,0.0
2026-04-18T18:16:03.964221+00:00,1,1200,10000.0,0.0
2026-04-18T18:16:04.910201+00:00,1,1250,10000.0,0.0
2026-04-18T18:16:05.849087+00:00,1,1300,10000.0,0.0
2026-04-18T18:16:06.801278+00:00,1,1350,10000.0,0.0
2026-04-18T18:16:07.743324+00:00,1,1400,10000.0,0.0
2026-04-18T18:16:08.708449+00:00,1,1450,10000.0,0.0
2026-04-18T18:16:09.685560+00:00,1,1500,10000.0,0.0
2026-04-18T18:16:10.652850+00:00,1,1550,10000.0,0.0
2026-04-18T18:16:11.620179+00:00,1,1600,10000.0,0.0
2026-04-18T18:16:12.593863+00:00,1,1650,10000.0,0.0
2026-04-18T18:16:13.569030+00:00,1,1700,10000.0,0.0
2026-04-18T18:16:14.530058+00:00,1,1750,10000.0,0.0
2026-04-18T18:16:15.518247+00:00,1,1800,10000.0,0.0
2026-04-18T18:16:16.483767+00:00,1,1850,10000.0,0.0
2026-04-18T18:16:17.448010+00:00,1,1900,10000.0,0.0
2026-04-18T18:16:18.394831+00:00,1,1950,10000.0,0.0
2026-04-18T18:16:19.346711+00:00,1,2000,10000.0,0.0
2026-04-18T18:16:20.318371+00:00,1,2050,10000.0,0.0
2026-04-18T18:16:21.437167+00:00,1,2100,10000.0,0.0
2026-04-18T18:16:22.394758+00:00,1,2150,10000.0,0.0
2026-04-18T18:16:23.377612+00:00,1,2200,10000.0,0.0
2026-04-18T18:16:24.339341+00:00,1,2250,10000.0,0.0
2026-04-18T18:16:25.311499+00:00,1,2300,10000.0,0.0
2026-04-18T18:16:26.273822+00:00,1,2350,10000.0,0.0
2026-04-18T18:16:27.242275+00:00,1,2400,10000.0,0.0
2026-04-18T18:16:28.232702+00:00,1,2450,10000.0,0.0
2026-04-18T18:16:29.202314+00:00,1,2500,10000.0,0.0
2026-04-18T18:16:30.172758+00:00,1,2550,10000.0,0.0
2026-04-18T18:16:31.136052+00:00,1,2600,10000.0,0.0
2026-04-18T18:16:32.093109+00:00,1,2650,10000.0,0.0
2026-04-18T18:16:33.078411+00:00,1,2700,10000.0,0.0
2026-04-18T18:16:34.034214+00:00,1,2750,10000.0,0.0
2026-04-18T18:16:34.987244+00:00,1,2800,10000.0,0.0
2026-04-18T18:16:35.951738+00:00,1,2850,10000.0,0.0
2026-04-18T18:16:36.927439+00:00,1,2900,10000.0,0.0
2026-04-18T18:16:37.887459+00:00,1,2950,10000.0,0.0
2026-04-18T18:16:38.851542+00:00,1,3000,10000.0,0.0
2026-04-18T18:16:39.804255+00:00,1,3050,10000.0,0.0
2026-04-18T18:16:40.764292+00:00,1,3100,10000.0,0.0
2026-04-18T18:16:41.744607+00:00,1,3150,10000.0,0.0
2026-04-18T18:16:42.719559+00:00,1,3200,10000.0,0.0
2026-04-18T18:16:43.681415+00:00,1,3250,10000.0,0.0
2026-04-18T18:16:44.667281+00:00,1,3300,10000.0,0.0
2026-04-18T18:16:45.616140+00:00,1,3350,10000.0,0.0
2026-04-18T18:16:46.581281+00:00,1,3400,10000.0,0.0
2026-04-18T18:16:47.568303+00:00,1,3450,10000.0,0.0
2026-04-18T18:16:48.530207+00:00,1,3500,10000.0,0.0
2026-04-18T18:16:49.504022+00:00,1,3550,10000.0,0.0
2026-04-18T18:16:50.471022+00:00,1,3600,10000.0,0.0
2026-04-18T18:16:51.420131+00:00,1,3650,10000.0,0.0
2026-04-18T18:16:52.387121+00:00,1,3700,10000.0,0.0
2026-04-18T18:16:53.364879+00:00,1,3750,10000.0,0.0
2026-04-18T18:16:54.359100+00:00,1,3800,10000.0,0.0
2026-04-18T18:16:55.322903+00:00,1,3850,10000.0,0.0
2026-04-18T18:16:56.301819+00:00,1,3900,10000.0,0.0
2026-04-18T18:16:57.293289+00:00,1,3950,10000.0,0.0
2026-04-18T18:16:58.266845+00:00,1,4000,10000.0,0.0
2026-04-18T18:16:59.227955+00:00,1,4050,10000.0,0.0
2026-04-18T18:17:00.202522+00:00,1,4100,10000.0,0.0
2026-04-18T18:17:01.196814+00:00,1,4150,10000.0,0.0
2026-04-18T18:17:02.168067+00:00,1,4200,10000.0,0.0
2026-04-18T18:17:03.100669+00:00,1,4250,10000.0,0.0
2026-04-18T18:17:04.032268+00:00,1,4300,10000.0,0.0
2026-04-18T18:17:05.352998+00:00,2,50,10000.0,0.0
2026-04-18T18:17:06.290895+00:00,2,100,10000.0,0.0
2026-04-18T18:17:07.245653+00:00,2,150,10000.0,0.0
2026-04-18T18:17:08.227600+00:00,2,200,10000.0,0.0
2026-04-18T18:17:09.199935+00:00,2,250,10000.0,0.0
2026-04-18T18:17:10.176933+00:00,2,300,10000.0,0.0
2026-04-18T18:17:11.137334+00:00,2,350,10000.0,0.0
2026-04-18T18:17:12.085150+00:00,2,400,10000.0,0.0
2026-04-18T18:17:13.050320+00:00,2,450,10000.0,0.0
2026-04-18T18:17:14.028275+00:00,2,500,10000.0,0.0
2026-04-18T18:17:14.978487+00:00,2,550,10000.0,0.0
2026-04-18T18:17:15.942032+00:00,2,600,10000.0,0.0
2026-04-18T18:17:16.889335+00:00,2,650,10000.0,0.0
2026-04-18T18:17:17.821398+00:00,2,700,10000.0,0.0
2026-04-18T18:17:18.785357+00:00,2,750,10000.0,0.0
2026-04-18T18:17:19.727272+00:00,2,800,10000.0,0.0
2026-04-18T18:17:20.668958+00:00,2,850,10000.0,0.0
2026-04-18T18:17:21.624561+00:00,2,900,10000.0,0.0
2026-04-18T18:17:22.578460+00:00,2,950,10000.0,0.0
2026-04-18T18:17:23.546276+00:00,2,1000,10000.0,0.0
2026-04-18T18:17:24.524781+00:00,2,1050,10000.0,0.0
2026-04-18T18:17:25.496154+00:00,2,1100,10000.0,0.0
2026-04-18T18:17:26.467908+00:00,2,1150,10000.0,0.0
2026-04-18T18:17:27.435922+00:00,2,1200,10000.0,0.0
2026-04-18T18:17:28.421493+00:00,2,1250,10000.0,0.0
2026-04-18T18:17:29.417465+00:00,2,1300,10000.0,0.0
2026-04-18T18:17:30.362455+00:00,2,1350,10000.0,0.0
2026-04-18T18:17:31.304524+00:00,2,1400,10000.0,0.0
2026-04-18T18:17:32.246502+00:00,2,1450,10000.0,0.0
2026-04-18T18:17:33.234583+00:00,2,1500,10000.0,0.0
2026-04-18T18:17:34.191877+00:00,2,1550,10000.0,0.0
2026-04-18T18:17:35.141741+00:00,2,1600,10000.0,0.0
2026-04-18T18:17:36.081623+00:00,2,1650,10000.0,0.0
2026-04-18T18:17:37.038422+00:00,2,1700,10000.0,0.0
2026-04-18T18:17:37.988938+00:00,2,1750,10000.0,0.0
2026-04-18T18:17:38.970721+00:00,2,1800,10000.0,0.0
2026-04-18T18:17:39.936210+00:00,2,1850,10000.0,0.0
2026-04-18T18:17:40.913687+00:00,2,1900,10000.0,0.0
2026-04-18T18:17:41.850105+00:00,2,1950,10000.0,0.0
2026-04-18T18:17:42.811456+00:00,2,2000,10000.0,0.0
2026-04-18T18:17:43.758009+00:00,2,2050,10000.0,0.0
2026-04-18T18:17:44.730464+00:00,2,2100,10000.0,0.0
2026-04-18T18:17:45.713251+00:00,2,2150,10000.0,0.0
2026-04-18T18:17:46.675104+00:00,2,2200,10000.0,0.0
2026-04-18T18:17:47.627571+00:00,2,2250,10000.0,0.0
2026-04-18T18:17:48.585028+00:00,2,2300,10000.0,0.0
2026-04-18T18:17:49.522878+00:00,2,2350,10000.0,0.0
2026-04-18T18:17:50.480946+00:00,2,2400,10000.0,0.0
2026-04-18T18:17:51.461053+00:00,2,2450,10000.0,0.0
2026-04-18T18:17:52.425940+00:00,2,2500,10000.0,0.0
2026-04-18T18:17:53.383008+00:00,2,2550,10000.0,0.0
2026-04-18T18:17:54.348115+00:00,2,2600,10000.0,0.0
2026-04-18T18:17:55.308304+00:00,2,2650,10000.0,0.0
2026-04-18T18:17:56.273069+00:00,2,2700,10000.0,0.0
2026-04-18T18:17:57.239963+00:00,2,2750,10000.0,0.0
2026-04-18T18:17:58.216426+00:00,2,2800,10000.0,0.0
2026-04-18T18:17:59.175517+00:00,2,2850,10000.0,0.0
2026-04-18T18:18:00.134492+00:00,2,2900,10000.0,0.0
2026-04-18T18:18:01.091420+00:00,2,2950,10000.0,0.0
2026-04-18T18:18:02.088737+00:00,2,3000,10000.0,0.0
2026-04-18T18:18:03.105527+00:00,2,3050,10000.0,0.0
2026-04-18T18:18:04.096583+00:00,2,3100,10000.0,0.0
2026-04-18T18:18:05.064794+00:00,2,3150,10000.0,0.0
2026-04-18T18:18:06.037433+00:00,2,3200,10000.0,0.0
2026-04-18T18:18:07.012139+00:00,2,3250,10000.0,0.0
2026-04-18T18:18:07.977443+00:00,2,3300,10000.0,0.0
2026-04-18T18:18:08.947928+00:00,2,3350,10000.0,0.0
2026-04-18T18:18:09.916370+00:00,2,3400,10000.0,0.0
2026-04-18T18:18:10.897796+00:00,2,3450,10000.0,0.0
2026-04-18T18:18:11.849897+00:00,2,3500,10000.0,0.0
2026-04-18T18:18:12.803174+00:00,2,3550,10000.0,0.0
2026-04-18T18:18:13.769286+00:00,2,3600,10000.0,0.0
2026-04-18T18:18:14.742445+00:00,2,3650,10000.0,0.0
2026-04-18T18:18:15.702994+00:00,2,3700,10000.0,0.0
2026-04-18T18:18:16.668202+00:00,2,3750,10000.0,0.0
2026-04-18T18:18:17.628658+00:00,2,3800,10000.0,0.0
2026-04-18T18:18:18.587880+00:00,2,3850,10000.0,0.0
2026-04-18T18:18:19.574649+00:00,2,3900,10000.0,0.0
2026-04-18T18:18:20.543574+00:00,2,3950,10000.0,0.0
2026-04-18T18:18:21.501022+00:00,2,4000,10000.0,0.0
2026-04-18T18:18:22.461871+00:00,2,4050,10000.0,0.0
2026-04-18T18:18:23.427549+00:00,2,4100,10000.0,0.0
2026-04-18T18:18:24.383043+00:00,2,4150,10000.0,0.0
2026-04-18T18:18:25.362418+00:00,2,4200,10000.0,0.0
2026-04-18T18:18:26.319070+00:00,2,4250,10000.0,0.0
2026-04-18T18:18:27.269513+00:00,2,4300,10000.0,0.0
2026-04-18T18:18:28.632380+00:00,3,50,10000.0,0.0
2026-04-18T18:18:29.594504+00:00,3,100,10000.0,0.0
2026-04-18T18:18:30.546358+00:00,3,150,10000.0,0.0
2026-04-18T18:18:31.509579+00:00,3,200,10000.0,0.0
2026-04-18T18:18:32.492112+00:00,3,250,10000.0,0.0
2026-04-18T18:18:33.459614+00:00,3,300,10000.0,0.0
2026-04-18T18:18:34.423357+00:00,3,350,10000.0,0.0
2026-04-18T18:18:35.377602+00:00,3,400,10000.0,0.0
2026-04-18T18:18:36.363950+00:00,3,450,10000.0,0.0
2026-04-18T18:18:37.351100+00:00,3,500,10000.0,0.0
2026-04-18T18:18:38.363965+00:00,3,550,10000.0,0.0
2026-04-18T18:18:39.348069+00:00,3,600,10000.0,0.0
2026-04-18T18:18:40.347948+00:00,3,650,10000.0,0.0
2026-04-18T18:18:41.318017+00:00,3,700,10000.0,0.0
2026-04-18T18:18:42.284390+00:00,3,750,10000.0,0.0
2026-04-18T18:18:43.251410+00:00,3,800,10000.0,0.0
2026-04-18T18:18:44.228066+00:00,3,850,10000.0,0.0
2026-04-18T18:18:45.191624+00:00,3,900,10000.0,0.0
2026-04-18T18:18:46.149678+00:00,3,950,10000.0,0.0
2026-04-18T18:18:47.093403+00:00,3,1000,10000.0,0.0
2026-04-18T18:18:48.033158+00:00,3,1050,10000.0,0.0
2026-04-18T18:18:49.007858+00:00,3,1100,10000.0,0.0
2026-04-18T18:18:49.997604+00:00,3,1150,10000.0,0.0
2026-04-18T18:18:50.982290+00:00,3,1200,10000.0,0.0
2026-04-18T18:18:51.971589+00:00,3,1250,10000.0,0.0
2026-04-18T18:18:52.931772+00:00,3,1300,10000.0,0.0
2026-04-18T18:18:53.881304+00:00,3,1350,10000.0,0.0
2026-04-18T18:18:54.830596+00:00,3,1400,10000.0,0.0
2026-04-18T18:18:55.821507+00:00,3,1450,10000.0,0.0
2026-04-18T18:18:56.771608+00:00,3,1500,10000.0,0.0
2026-04-18T18:18:57.736240+00:00,3,1550,10000.0,0.0
2026-04-18T18:18:58.697722+00:00,3,1600,10000.0,0.0
2026-04-18T18:18:59.639836+00:00,3,1650,10000.0,0.0
2026-04-18T18:19:00.575731+00:00,3,1700,10000.0,0.0
2026-04-18T18:19:01.531314+00:00,3,1750,10000.0,0.0
2026-04-18T18:19:02.506795+00:00,3,1800,10000.0,0.0
2026-04-18T18:19:03.446432+00:00,3,1850,10000.0,0.0
2026-04-18T18:19:04.392273+00:00,3,1900,10000.0,0.0
2026-04-18T18:19:05.336824+00:00,3,1950,10000.0,0.0
2026-04-18T18:19:06.279847+00:00,3,2000,10000.0,0.0
2026-04-18T18:19:07.243595+00:00,3,2050,10000.0,0.0
2026-04-18T18:19:08.201933+00:00,3,2100,10000.0,0.0
2026-04-18T18:19:09.177710+00:00,3,2150,10000.0,0.0
2026-04-18T18:19:10.122503+00:00,3,2200,10000.0,0.0
2026-04-18T18:19:11.073985+00:00,3,2250,10000.0,0.0
2026-04-18T18:19:11.999031+00:00,3,2300,10000.0,0.0
2026-04-18T18:19:12.967043+00:00,3,2350,10000.0,0.0
2026-04-18T18:19:13.909946+00:00,3,2400,10000.0,0.0
2026-04-18T18:19:14.880216+00:00,3,2450,10000.0,0.0
2026-04-18T18:19:15.825599+00:00,3,2500,10000.0,0.0
2026-04-18T18:19:16.767690+00:00,3,2550,10000.0,0.0
2026-04-18T18:19:17.704120+00:00,3,2600,10000.0,0.0
2026-04-18T18:19:18.668838+00:00,3,2650,10000.0,0.0
2026-04-18T18:19:19.759029+00:00,3,2700,10000.0,0.0
2026-04-18T18:19:20.697061+00:00,3,2750,10000.0,0.0
2026-04-18T18:19:21.641872+00:00,3,2800,10000.0,0.0
2026-04-18T18:19:22.602313+00:00,3,2850,10000.0,0.0
2026-04-18T18:19:23.611084+00:00,3,2900,10000.0,0.0
2026-04-18T18:19:24.572559+00:00,3,2950,10000.0,0.0
2026-04-18T18:19:25.530697+00:00,3,3000,10000.0,0.0
2026-04-18T18:19:26.481947+00:00,3,3050,10000.0,0.0
2026-04-18T18:19:27.451625+00:00,3,3100,10000.0,0.0
2026-04-18T18:19:28.442632+00:00,3,3150,10000.0,0.0
2026-04-18T18:19:29.438356+00:00,3,3200,10000.0,0.0
2026-04-18T18:19:30.453216+00:00,3,3250,10000.0,0.0
2026-04-18T18:19:31.418072+00:00,3,3300,10000.0,0.0
2026-04-18T18:19:32.385170+00:00,3,3350,10000.0,0.0
2026-04-18T18:19:33.338230+00:00,3,3400,10000.0,0.0
2026-04-18T18:19:34.305765+00:00,3,3450,10000.0,0.0
2026-04-18T18:19:35.250681+00:00,3,3500,10000.0,0.0
2026-04-18T18:19:36.217389+00:00,3,3550,10000.0,0.0
2026-04-18T18:19:37.179975+00:00,3,3600,10000.0,0.0
2026-04-18T18:19:38.125760+00:00,3,3650,10000.0,0.0
2026-04-18T18:19:39.092418+00:00,3,3700,10000.0,0.0
2026-04-18T18:19:40.069936+00:00,3,3750,10000.0,0.0
2026-04-18T18:19:41.045022+00:00,3,3800,10000.0,0.0
2026-04-18T18:19:42.017988+00:00,3,3850,10000.0,0.0
2026-04-18T18:19:42.975052+00:00,3,3900,10000.0,0.0
2026-04-18T18:19:43.925907+00:00,3,3950,10000.0,0.0
2026-04-18T18:19:44.875873+00:00,3,4000,10000.0,0.0
2026-04-18T18:19:45.826494+00:00,3,4050,10000.0,0.0
2026-04-18T18:19:46.769006+00:00,3,4100,10000.0,0.0
2026-04-18T18:19:47.732935+00:00,3,4150,10000.0,0.0
2026-04-18T18:19:48.694878+00:00,3,4200,10000.0,0.0
2026-04-18T18:19:49.637144+00:00,3,4250,10000.0,0.0
2026-04-18T18:19:50.582171+00:00,3,4300,10000.0,0.0
2026-04-18T18:19:51.957632+00:00,4,50,10000.0,0.0
2026-04-18T18:19:52.924337+00:00,4,100,10000.0,0.0
2026-04-18T18:19:53.886579+00:00,4,150,10000.0,0.0
2026-04-18T18:19:54.838393+00:00,4,200,10000.0,0.0
2026-04-18T18:19:55.831024+00:00,4,250,10000.0,0.0
2026-04-18T18:19:56.800238+00:00,4,300,10000.0,0.0
2026-04-18T18:19:57.782934+00:00,4,350,10000.0,0.0
2026-04-18T18:19:58.748873+00:00,4,400,10000.0,0.0
2026-04-18T18:19:59.710841+00:00,4,450,10000.0,0.0
2026-04-18T18:20:00.647039+00:00,4,500,10000.0,0.0
2026-04-18T18:20:01.616205+00:00,4,550,10000.0,0.0
2026-04-18T18:20:02.565159+00:00,4,600,10000.0,0.0
2026-04-18T18:20:03.496313+00:00,4,650,10000.0,0.0
2026-04-18T18:20:04.437566+00:00,4,700,10000.0,0.0
2026-04-18T18:20:05.383683+00:00,4,750,10000.0,0.0
2026-04-18T18:20:06.342331+00:00,4,800,10000.0,0.0
2026-04-18T18:20:07.356903+00:00,4,850,10000.0,0.0
2026-04-18T18:20:08.324459+00:00,4,900,10000.0,0.0
2026-04-18T18:20:09.291543+00:00,4,950,10000.0,0.0
2026-04-18T18:20:10.250220+00:00,4,1000,10000.0,0.0
2026-04-18T18:20:11.207057+00:00,4,1050,10000.0,0.0
2026-04-18T18:20:12.166879+00:00,4,1100,10000.0,0.0
2026-04-18T18:20:13.121621+00:00,4,1150,10000.0,0.0
2026-04-18T18:20:14.063727+00:00,4,1200,10000.0,0.0
2026-04-18T18:20:14.994804+00:00,4,1250,10000.0,0.0
2026-04-18T18:20:15.931642+00:00,4,1300,10000.0,0.0
2026-04-18T18:20:16.869218+00:00,4,1350,10000.0,0.0
2026-04-18T18:20:17.817737+00:00,4,1400,10000.0,0.0
2026-04-18T18:20:18.786614+00:00,4,1450,10000.0,0.0
2026-04-18T18:20:19.743227+00:00,4,1500,10000.0,0.0
2026-04-18T18:20:20.696025+00:00,4,1550,10000.0,0.0
2026-04-18T18:20:21.659803+00:00,4,1600,10000.0,0.0
2026-04-18T18:20:22.638632+00:00,4,1650,10000.0,0.0
2026-04-18T18:20:23.590233+00:00,4,1700,10000.0,0.0
2026-04-18T18:20:24.573034+00:00,4,1750,10000.0,0.0
2026-04-18T18:20:25.538549+00:00,4,1800,10000.0,0.0
2026-04-18T18:20:26.499490+00:00,4,1850,10000.0,0.0
2026-04-18T18:20:27.457524+00:00,4,1900,10000.0,0.0
2026-04-18T18:20:28.432523+00:00,4,1950,10000.0,0.0
2026-04-18T18:20:29.385817+00:00,4,2000,10000.0,0.0
2026-04-18T18:20:30.381603+00:00,4,2050,10000.0,0.0
2026-04-18T18:20:31.355640+00:00,4,2100,10000.0,0.0
2026-04-18T18:20:32.329998+00:00,4,2150,10000.0,0.0
2026-04-18T18:20:33.270606+00:00,4,2200,10000.0,0.0
2026-04-18T18:20:34.232535+00:00,4,2250,10000.0,0.0
2026-04-18T18:20:35.179379+00:00,4,2300,10000.0,0.0
2026-04-18T18:20:36.146577+00:00,4,2350,10000.0,0.0
2026-04-18T18:20:37.113377+00:00,4,2400,10000.0,0.0
2026-04-18T18:20:38.063691+00:00,4,2450,10000.0,0.0
2026-04-18T18:20:39.004317+00:00,4,2500,10000.0,0.0
2026-04-18T18:20:39.942074+00:00,4,2550,10000.0,0.0
2026-04-18T18:20:40.872744+00:00,4,2600,10000.0,0.0
2026-04-18T18:20:41.817561+00:00,4,2650,10000.0,0.0
2026-04-18T18:20:42.750094+00:00,4,2700,10000.0,0.0
2026-04-18T18:20:43.699704+00:00,4,2750,10000.0,0.0
2026-04-18T18:20:44.641110+00:00,4,2800,10000.0,0.0
2026-04-18T18:20:45.569400+00:00,4,2850,10000.0,0.0
2026-04-18T18:20:46.511367+00:00,4,2900,10000.0,0.0
2026-04-18T18:20:47.442342+00:00,4,2950,10000.0,0.0
2026-04-18T18:20:48.360880+00:00,4,3000,10000.0,0.0
2026-04-18T18:20:49.287174+00:00,4,3050,10000.0,0.0
2026-04-18T18:20:50.256449+00:00,4,3100,10000.0,0.0
2026-04-18T18:20:51.214186+00:00,4,3150,10000.0,0.0
2026-04-18T18:20:52.178686+00:00,4,3200,10000.0,0.0
2026-04-18T18:20:53.160934+00:00,4,3250,10000.0,0.0
2026-04-18T18:20:54.108483+00:00,4,3300,10000.0,0.0
2026-04-18T18:20:55.041228+00:00,4,3350,10000.0,0.0
2026-04-18T18:20:55.972695+00:00,4,3400,10000.0,0.0
2026-04-18T18:20:56.878385+00:00,4,3450,10000.0,0.0
2026-04-18T18:20:57.790477+00:00,4,3500,10000.0,0.0
2026-04-18T18:20:58.717512+00:00,4,3550,10000.0,0.0
2026-04-18T18:20:59.641925+00:00,4,3600,10000.0,0.0
2026-04-18T18:21:00.539947+00:00,4,3650,10000.0,0.0
2026-04-18T18:21:01.436204+00:00,4,3700,10000.0,0.0
2026-04-18T18:21:02.357114+00:00,4,3750,10000.0,0.0
2026-04-18T18:21:03.255589+00:00,4,3800,10000.0,0.0
2026-04-18T18:21:04.160945+00:00,4,3850,10000.0,0.0
2026-04-18T18:21:05.076532+00:00,4,3900,10000.0,0.0
2026-04-18T18:21:05.972721+00:00,4,3950,10000.0,0.0
2026-04-18T18:21:06.883505+00:00,4,4000,10000.0,0.0
2026-04-18T18:21:07.846838+00:00,4,4050,10000.0,0.0
2026-04-18T18:21:08.811358+00:00,4,4100,10000.0,0.0
2026-04-18T18:21:09.816035+00:00,4,4150,10000.0,0.0
2026-04-18T18:21:10.799530+00:00,4,4200,10000.0,0.0
2026-04-18T18:21:11.764227+00:00,4,4250,10000.0,0.0
2026-04-18T18:21:12.724489+00:00,4,4300,10000.0,0.0
2026-04-18T18:21:14.105309+00:00,5,50,10000.0,0.0
2026-04-18T18:21:15.063245+00:00,5,100,10000.0,0.0
2026-04-18T18:21:16.016318+00:00,5,150,10000.0,0.0
2026-04-18T18:21:17.008176+00:00,5,200,10000.0,0.0
2026-04-18T18:21:17.954218+00:00,5,250,10000.0,0.0
2026-04-18T18:21:18.890166+00:00,5,300,10000.0,0.0
2026-04-18T18:21:19.854443+00:00,5,350,10000.0,0.0
2026-04-18T18:21:20.806879+00:00,5,400,10000.0,0.0
2026-04-18T18:21:21.779549+00:00,5,450,10000.0,0.0
2026-04-18T18:21:22.766546+00:00,5,500,10000.0,0.0
2026-04-18T18:21:23.728378+00:00,5,550,10000.0,0.0
2026-04-18T18:21:24.708174+00:00,5,600,10000.0,0.0
2026-04-18T18:21:25.674255+00:00,5,650,10000.0,0.0
2026-04-18T18:21:26.647286+00:00,5,700,10000.0,0.0
2026-04-18T18:21:27.652839+00:00,5,750,10000.0,0.0
2026-04-18T18:21:28.632300+00:00,5,800,10000.0,0.0
2026-04-18T18:21:29.593353+00:00,5,850,10000.0,0.0
2026-04-18T18:21:30.561359+00:00,5,900,10000.0,0.0
2026-04-18T18:21:31.511350+00:00,5,950,10000.0,0.0
2026-04-18T18:21:32.480398+00:00,5,1000,10000.0,0.0
2026-04-18T18:21:33.497557+00:00,5,1050,10000.0,0.0
2026-04-18T18:21:34.517955+00:00,5,1100,10000.0,0.0
2026-04-18T18:21:35.470406+00:00,5,1150,10000.0,0.0
2026-04-18T18:21:36.416554+00:00,5,1200,10000.0,0.0
2026-04-18T18:21:37.367254+00:00,5,1250,10000.0,0.0
2026-04-18T18:21:38.317448+00:00,5,1300,10000.0,0.0
2026-04-18T18:21:39.285073+00:00,5,1350,10000.0,0.0
2026-04-18T18:21:40.268598+00:00,5,1400,10000.0,0.0
2026-04-18T18:21:41.269309+00:00,5,1450,10000.0,0.0
2026-04-18T18:21:42.213013+00:00,5,1500,10000.0,0.0
2026-04-18T18:21:43.125418+00:00,5,1550,10000.0,0.0
2026-04-18T18:21:44.060677+00:00,5,1600,10000.0,0.0
2026-04-18T18:21:45.024209+00:00,5,1650,10000.0,0.0
2026-04-18T18:21:45.991854+00:00,5,1700,10000.0,0.0
2026-04-18T18:21:46.963217+00:00,5,1750,10000.0,0.0
2026-04-18T18:21:47.924565+00:00,5,1800,10000.0,0.0
2026-04-18T18:21:48.924245+00:00,5,1850,10000.0,0.0
2026-04-18T18:21:49.899227+00:00,5,1900,10000.0,0.0
2026-04-18T18:21:50.871408+00:00,5,1950,10000.0,0.0
2026-04-18T18:21:51.855708+00:00,5,2000,10000.0,0.0
2026-04-18T18:21:52.821669+00:00,5,2050,10000.0,0.0
2026-04-18T18:21:53.800542+00:00,5,2100,10000.0,0.0
2026-04-18T18:21:54.734279+00:00,5,2150,10000.0,0.0
2026-04-18T18:21:55.674168+00:00,5,2200,10000.0,0.0
2026-04-18T18:21:56.611662+00:00,5,2250,10000.0,0.0
2026-04-18T18:21:57.582930+00:00,5,2300,10000.0,0.0
2026-04-18T18:21:58.545841+00:00,5,2350,10000.0,0.0
2026-04-18T18:21:59.521416+00:00,5,2400,10000.0,0.0
2026-04-18T18:22:00.486196+00:00,5,2450,10000.0,0.0
2026-04-18T18:22:01.449049+00:00,5,2500,10000.0,0.0
2026-04-18T18:22:02.407555+00:00,5,2550,10000.0,0.0
2026-04-18T18:22:03.383159+00:00,5,2600,10000.0,0.0
2026-04-18T18:22:04.346041+00:00,5,2650,10000.0,0.0
2026-04-18T18:22:05.307910+00:00,5,2700,10000.0,0.0
2026-04-18T18:22:06.279704+00:00,5,2750,10000.0,0.0
2026-04-18T18:22:07.248090+00:00,5,2800,10000.0,0.0
2026-04-18T18:22:08.229706+00:00,5,2850,10000.0,0.0
2026-04-18T18:22:09.242250+00:00,5,2900,10000.0,0.0
2026-04-18T18:22:10.214242+00:00,5,2950,10000.0,0.0
2026-04-18T18:22:11.191898+00:00,5,3000,10000.0,0.0
2026-04-18T18:22:12.342049+00:00,5,3050,10000.0,0.0
2026-04-18T18:22:13.291838+00:00,5,3100,10000.0,0.0
2026-04-18T18:22:14.238233+00:00,5,3150,10000.0,0.0
2026-04-18T18:22:15.208392+00:00,5,3200,10000.0,0.0
2026-04-18T18:22:16.157335+00:00,5,3250,10000.0,0.0
2026-04-18T18:22:17.114701+00:00,5,3300,10000.0,0.0
2026-04-18T18:22:18.071003+00:00,5,3350,10000.0,0.0
2026-04-18T18:22:19.044456+00:00,5,3400,10000.0,0.0
2026-04-18T18:22:20.002592+00:00,5,3450,10000.0,0.0
2026-04-18T18:22:20.997206+00:00,5,3500,10000.0,0.0
2026-04-18T18:22:21.961378+00:00,5,3550,10000.0,0.0
2026-04-18T18:22:22.954039+00:00,5,3600,10000.0,0.0
2026-04-18T18:22:23.927876+00:00,5,3650,10000.0,0.0
2026-04-18T18:22:24.912534+00:00,5,3700,10000.0,0.0
2026-04-18T18:22:25.891360+00:00,5,3750,10000.0,0.0
2026-04-18T18:22:26.877097+00:00,5,3800,10000.0,0.0
2026-04-18T18:22:27.849814+00:00,5,3850,10000.0,0.0
2026-04-18T18:22:28.828846+00:00,5,3900,10000.0,0.0
2026-04-18T18:22:29.793778+00:00,5,3950,10000.0,0.0
2026-04-18T18:22:30.751956+00:00,5,4000,10000.0,0.0
2026-04-18T18:22:31.723821+00:00,5,4050,10000.0,0.0
2026-04-18T18:22:32.687266+00:00,5,4100,10000.0,0.0
2026-04-18T18:22:33.640078+00:00,5,4150,10000.0,0.0
2026-04-18T18:22:34.583873+00:00,5,4200,10000.0,0.0
2026-04-18T18:22:35.519002+00:00,5,4250,10000.0,0.0
2026-04-18T18:22:36.463777+00:00,5,4300,10000.0,0.0
2026-04-18T18:22:37.810612+00:00,6,50,10000.0,0.0
2026-04-18T18:22:38.784459+00:00,6,100,10000.0,0.0
2026-04-18T18:22:39.728658+00:00,6,150,10000.0,0.0
2026-04-18T18:22:40.705598+00:00,6,200,10000.0,0.0
2026-04-18T18:22:41.647002+00:00,6,250,10000.0,0.0
2026-04-18T18:22:42.601166+00:00,6,300,10000.0,0.0
2026-04-18T18:22:43.562310+00:00,6,350,10000.0,0.0
2026-04-18T18:22:44.539831+00:00,6,400,10000.0,0.0
2026-04-18T18:22:45.504571+00:00,6,450,10000.0,0.0
2026-04-18T18:22:46.487955+00:00,6,500,10000.0,0.0
2026-04-18T18:22:47.476487+00:00,6,550,10000.0,0.0
2026-04-18T18:22:48.470754+00:00,6,600,10000.0,0.0
2026-04-18T18:22:49.468238+00:00,6,650,10000.0,0.0
2026-04-18T18:22:50.468010+00:00,6,700,10000.0,0.0
2026-04-18T18:22:51.433966+00:00,6,750,10000.0,0.0
2026-04-18T18:22:52.418935+00:00,6,800,10000.0,0.0
2026-04-18T18:22:53.427546+00:00,6,850,10000.0,0.0
2026-04-18T18:22:54.419580+00:00,6,900,10000.0,0.0
2026-04-18T18:22:55.391131+00:00,6,950,10000.0,0.0
2026-04-18T18:22:56.381486+00:00,6,1000,10000.0,0.0
2026-04-18T18:22:57.357136+00:00,6,1050,10000.0,0.0
2026-04-18T18:22:58.336800+00:00,6,1100,10000.0,0.0
2026-04-18T18:22:59.323677+00:00,6,1150,10000.0,0.0
2026-04-18T18:23:00.312354+00:00,6,1200,10000.0,0.0
2026-04-18T18:23:01.297239+00:00,6,1250,10000.0,0.0
2026-04-18T18:23:02.274315+00:00,6,1300,10000.0,0.0
2026-04-18T18:23:03.241190+00:00,6,1350,10000.0,0.0
2026-04-18T18:23:04.227235+00:00,6,1400,10000.0,0.0
2026-04-18T18:23:05.196345+00:00,6,1450,10000.0,0.0
2026-04-18T18:23:06.201379+00:00,6,1500,10000.0,0.0
2026-04-18T18:23:07.171930+00:00,6,1550,10000.0,0.0
2026-04-18T18:23:08.145712+00:00,6,1600,10000.0,0.0
2026-04-18T18:23:09.120700+00:00,6,1650,10000.0,0.0
2026-04-18T18:23:10.142191+00:00,6,1700,10000.0,0.0
2026-04-18T18:23:11.146471+00:00,6,1750,10000.0,0.0
2026-04-18T18:23:12.127703+00:00,6,1800,10000.0,0.0
2026-04-18T18:23:13.087096+00:00,6,1850,10000.0,0.0
2026-04-18T18:23:14.046236+00:00,6,1900,10000.0,0.0
2026-04-18T18:23:15.009863+00:00,6,1950,10000.0,0.0
2026-04-18T18:23:16.003643+00:00,6,2000,10000.0,0.0
2026-04-18T18:23:16.961739+00:00,6,2050,10000.0,0.0
2026-04-18T18:23:17.916850+00:00,6,2100,10000.0,0.0
2026-04-18T18:23:18.882088+00:00,6,2150,10000.0,0.0
2026-04-18T18:23:19.847038+00:00,6,2200,10000.0,0.0
2026-04-18T18:23:20.815063+00:00,6,2250,10000.0,0.0
2026-04-18T18:23:21.808805+00:00,6,2300,10000.0,0.0
2026-04-18T18:23:22.768655+00:00,6,2350,10000.0,0.0
2026-04-18T18:23:23.713679+00:00,6,2400,10000.0,0.0
2026-04-18T18:23:24.686462+00:00,6,2450,10000.0,0.0
2026-04-18T18:23:25.641944+00:00,6,2500,10000.0,0.0
2026-04-18T18:23:26.596668+00:00,6,2550,10000.0,0.0
2026-04-18T18:23:27.589299+00:00,6,2600,10000.0,0.0
2026-04-18T18:23:28.572311+00:00,6,2650,10000.0,0.0
2026-04-18T18:23:29.535656+00:00,6,2700,10000.0,0.0
2026-04-18T18:23:30.496408+00:00,6,2750,10000.0,0.0
2026-04-18T18:23:31.455399+00:00,6,2800,10000.0,0.0
2026-04-18T18:23:32.417345+00:00,6,2850,10000.0,0.0
2026-04-18T18:23:33.403154+00:00,6,2900,10000.0,0.0
2026-04-18T18:23:34.362470+00:00,6,2950,10000.0,0.0
2026-04-18T18:23:35.325919+00:00,6,3000,10000.0,0.0
2026-04-18T18:23:36.296693+00:00,6,3050,10000.0,0.0
2026-04-18T18:23:37.250462+00:00,6,3100,10000.0,0.0
2026-04-18T18:23:38.201789+00:00,6,3150,10000.0,0.0
2026-04-18T18:23:39.212927+00:00,6,3200,10000.0,0.0
2026-04-18T18:23:40.175306+00:00,6,3250,10000.0,0.0
2026-04-18T18:23:41.157686+00:00,6,3300,10000.0,0.0
2026-04-18T18:23:42.148539+00:00,6,3350,10000.0,0.0
2026-04-18T18:23:43.123621+00:00,6,3400,10000.0,0.0
2026-04-18T18:23:44.104279+00:00,6,3450,10000.0,0.0
2026-04-18T18:23:45.099268+00:00,6,3500,10000.0,0.0
2026-04-18T18:23:46.062491+00:00,6,3550,10000.0,0.0
2026-04-18T18:23:47.028755+00:00,6,3600,10000.0,0.0
2026-04-18T18:23:47.988593+00:00,6,3650,10000.0,0.0
2026-04-18T18:23:48.964327+00:00,6,3700,10000.0,0.0
2026-04-18T18:23:49.913905+00:00,6,3750,10000.0,0.0
2026-04-18T18:23:50.884184+00:00,6,3800,10000.0,0.0
2026-04-18T18:23:51.829873+00:00,6,3850,10000.0,0.0
2026-04-18T18:23:52.784617+00:00,6,3900,10000.0,0.0
2026-04-18T18:23:53.746488+00:00,6,3950,10000.0,0.0
2026-04-18T18:23:54.704384+00:00,6,4000,10000.0,0.0
2026-04-18T18:23:55.656024+00:00,6,4050,10000.0,0.0
2026-04-18T18:23:56.628688+00:00,6,4100,10000.0,0.0
2026-04-18T18:23:57.577310+00:00,6,4150,10000.0,0.0
2026-04-18T18:23:58.538537+00:00,6,4200,10000.0,0.0
2026-04-18T18:23:59.473160+00:00,6,4250,10000.0,0.0
2026-04-18T18:24:00.449376+00:00,6,4300,10000.0,0.0
2026-04-18T18:24:01.752279+00:00,7,50,10000.0,0.0
2026-04-18T18:24:02.660421+00:00,7,100,10000.0,0.0
2026-04-18T18:24:03.598437+00:00,7,150,10000.0,0.0
2026-04-18T18:24:04.549969+00:00,7,200,10000.0,0.0
2026-04-18T18:24:05.501411+00:00,7,250,10000.0,0.0
2026-04-18T18:24:06.494758+00:00,7,300,10000.0,0.0
2026-04-18T18:24:07.444314+00:00,7,350,10000.0,0.0
2026-04-18T18:24:08.373371+00:00,7,400,10000.0,0.0
2026-04-18T18:24:09.353479+00:00,7,450,10000.0,0.0
2026-04-18T18:24:10.315016+00:00,7,500,10000.0,0.0
2026-04-18T18:24:11.260849+00:00,7,550,10000.0,0.0
2026-04-18T18:24:12.215118+00:00,7,600,10000.0,0.0
2026-04-18T18:24:13.187402+00:00,7,650,10000.0,0.0
2026-04-18T18:24:14.130843+00:00,7,700,10000.0,0.0
2026-04-18T18:24:15.078291+00:00,7,750,10000.0,0.0
2026-04-18T18:24:16.051309+00:00,7,800,10000.0,0.0
2026-04-18T18:24:17.048808+00:00,7,850,10000.0,0.0
2026-04-18T18:24:18.041684+00:00,7,900,10000.0,0.0
2026-04-18T18:24:18.992862+00:00,7,950,10000.0,0.0
2026-04-18T18:24:19.935963+00:00,7,1000,10000.0,0.0
2026-04-18T18:24:20.925569+00:00,7,1050,10000.0,0.0
2026-04-18T18:24:21.845724+00:00,7,1100,10000.0,0.0
2026-04-18T18:24:22.794918+00:00,7,1150,10000.0,0.0
2026-04-18T18:24:23.773042+00:00,7,1200,10000.0,0.0
2026-04-18T18:24:24.735164+00:00,7,1250,10000.0,0.0
2026-04-18T18:24:25.694747+00:00,7,1300,10000.0,0.0
2026-04-18T18:24:26.650016+00:00,7,1350,10000.0,0.0
2026-04-18T18:24:27.597530+00:00,7,1400,10000.0,0.0
2026-04-18T18:24:28.515161+00:00,7,1450,10000.0,0.0
2026-04-18T18:24:29.431529+00:00,7,1500,10000.0,0.0
2026-04-18T18:24:30.367168+00:00,7,1550,10000.0,0.0
2026-04-18T18:24:31.327711+00:00,7,1600,10000.0,0.0
2026-04-18T18:24:32.314117+00:00,7,1650,10000.0,0.0
2026-04-18T18:24:33.254856+00:00,7,1700,10000.0,0.0
2026-04-18T18:24:34.192125+00:00,7,1750,10000.0,0.0
2026-04-18T18:24:35.126363+00:00,7,1800,10000.0,0.0
2026-04-18T18:24:36.056829+00:00,7,1850,10000.0,0.0
2026-04-18T18:24:36.972562+00:00,7,1900,10000.0,0.0
2026-04-18T18:24:37.921044+00:00,7,1950,10000.0,0.0
2026-04-18T18:24:38.879839+00:00,7,2000,10000.0,0.0
2026-04-18T18:24:39.865215+00:00,7,2050,10000.0,0.0
2026-04-18T18:24:40.829113+00:00,7,2100,10000.0,0.0
2026-04-18T18:24:41.800158+00:00,7,2150,10000.0,0.0
2026-04-18T18:24:42.760646+00:00,7,2200,10000.0,0.0
2026-04-18T18:24:43.737105+00:00,7,2250,10000.0,0.0
2026-04-18T18:24:44.704885+00:00,7,2300,10000.0,0.0
2026-04-18T18:24:45.664955+00:00,7,2350,10000.0,0.0
2026-04-18T18:24:46.623077+00:00,7,2400,10000.0,0.0
2026-04-18T18:24:47.621138+00:00,7,2450,10000.0,0.0
2026-04-18T18:24:48.580994+00:00,7,2500,10000.0,0.0
2026-04-18T18:24:49.560634+00:00,7,2550,10000.0,0.0
2026-04-18T18:24:50.542479+00:00,7,2600,10000.0,0.0
2026-04-18T18:24:51.512011+00:00,7,2650,10000.0,0.0
2026-04-18T18:24:52.472107+00:00,7,2700,10000.0,0.0
2026-04-18T18:24:53.458098+00:00,7,2750,10000.0,0.0
2026-04-18T18:24:54.434511+00:00,7,2800,10000.0,0.0
2026-04-18T18:24:55.442798+00:00,7,2850,10000.0,0.0
2026-04-18T18:24:56.421551+00:00,7,2900,10000.0,0.0
2026-04-18T18:24:57.411048+00:00,7,2950,10000.0,0.0
2026-04-18T18:24:58.368401+00:00,7,3000,10000.0,0.0
2026-04-18T18:24:59.317639+00:00,7,3050,10000.0,0.0
2026-04-18T18:25:00.261820+00:00,7,3100,10000.0,0.0
2026-04-18T18:25:01.229802+00:00,7,3150,10000.0,0.0
2026-04-18T18:25:02.181181+00:00,7,3200,10000.0,0.0
2026-04-18T18:25:03.124414+00:00,7,3250,10000.0,0.0
2026-04-18T18:25:04.092756+00:00,7,3300,10000.0,0.0
2026-04-18T18:25:05.034636+00:00,7,3350,10000.0,0.0
2026-04-18T18:25:05.987575+00:00,7,3400,10000.0,0.0
2026-04-18T18:25:06.957774+00:00,7,3450,10000.0,0.0
2026-04-18T18:25:08.053571+00:00,7,3500,10000.0,0.0
2026-04-18T18:25:09.006905+00:00,7,3550,10000.0,0.0
2026-04-18T18:25:09.965282+00:00,7,3600,10000.0,0.0
2026-04-18T18:25:10.902690+00:00,7,3650,10000.0,0.0
2026-04-18T18:25:11.822981+00:00,7,3700,10000.0,0.0
2026-04-18T18:25:12.781825+00:00,7,3750,10000.0,0.0
2026-04-18T18:25:13.720308+00:00,7,3800,10000.0,0.0
2026-04-18T18:25:14.654059+00:00,7,3850,10000.0,0.0
2026-04-18T18:25:15.609623+00:00,7,3900,10000.0,0.0
2026-04-18T18:25:16.585148+00:00,7,3950,10000.0,0.0
2026-04-18T18:25:17.530937+00:00,7,4000,10000.0,0.0
2026-04-18T18:25:18.528546+00:00,7,4050,10000.0,0.0
2026-04-18T18:25:19.484041+00:00,7,4100,10000.0,0.0
2026-04-18T18:25:20.439909+00:00,7,4150,10000.0,0.0
2026-04-18T18:25:21.416374+00:00,7,4200,10000.0,0.0
2026-04-18T18:25:22.376793+00:00,7,4250,10000.0,0.0
2026-04-18T18:25:23.364321+00:00,7,4300,10000.0,0.0
2026-04-18T18:25:24.765552+00:00,8,50,10000.0,0.0
2026-04-18T18:25:25.723417+00:00,8,100,10000.0,0.0
2026-04-18T18:25:26.712842+00:00,8,150,10000.0,0.0
2026-04-18T18:25:27.698244+00:00,8,200,10000.0,0.0
2026-04-18T18:25:28.659910+00:00,8,250,10000.0,0.0
2026-04-18T18:25:29.598434+00:00,8,300,10000.0,0.0
2026-04-18T18:25:30.534564+00:00,8,350,10000.0,0.0
2026-04-18T18:25:31.485322+00:00,8,400,10000.0,0.0
2026-04-18T18:25:32.465242+00:00,8,450,10000.0,0.0
2026-04-18T18:25:33.423017+00:00,8,500,10000.0,0.0
2026-04-18T18:25:34.389721+00:00,8,550,10000.0,0.0
2026-04-18T18:25:35.360233+00:00,8,600,10000.0,0.0
2026-04-18T18:25:36.319441+00:00,8,650,10000.0,0.0
2026-04-18T18:25:37.276180+00:00,8,700,10000.0,0.0
2026-04-18T18:25:38.236177+00:00,8,750,10000.0,0.0
2026-04-18T18:25:39.191386+00:00,8,800,10000.0,0.0
2026-04-18T18:25:40.194879+00:00,8,850,10000.0,0.0
2026-04-18T18:25:41.155168+00:00,8,900,10000.0,0.0
2026-04-18T18:25:42.070719+00:00,8,950,10000.0,0.0
2026-04-18T18:25:43.015517+00:00,8,1000,10000.0,0.0
2026-04-18T18:25:44.048018+00:00,8,1050,10000.0,0.0
2026-04-18T18:25:44.987148+00:00,8,1100,10000.0,0.0
2026-04-18T18:25:45.939897+00:00,8,1150,10000.0,0.0
2026-04-18T18:25:46.898214+00:00,8,1200,10000.0,0.0
2026-04-18T18:25:47.872344+00:00,8,1250,10000.0,0.0
2026-04-18T18:25:48.823074+00:00,8,1300,10000.0,0.0
2026-04-18T18:25:49.813171+00:00,8,1350,10000.0,0.0
2026-04-18T18:25:50.792411+00:00,8,1400,10000.0,0.0
2026-04-18T18:25:51.740418+00:00,8,1450,10000.0,0.0
2026-04-18T18:25:52.693352+00:00,8,1500,10000.0,0.0
2026-04-18T18:25:53.644498+00:00,8,1550,10000.0,0.0
2026-04-18T18:25:54.613485+00:00,8,1600,10000.0,0.0
2026-04-18T18:25:55.580241+00:00,8,1650,10000.0,0.0
2026-04-18T18:25:56.535899+00:00,8,1700,10000.0,0.0
2026-04-18T18:25:57.484566+00:00,8,1750,10000.0,0.0
2026-04-18T18:25:58.454298+00:00,8,1800,10000.0,0.0
2026-04-18T18:25:59.413894+00:00,8,1850,10000.0,0.0
2026-04-18T18:26:00.382844+00:00,8,1900,10000.0,0.0
2026-04-18T18:26:01.365452+00:00,8,1950,10000.0,0.0
2026-04-18T18:26:02.345518+00:00,8,2000,10000.0,0.0
2026-04-18T18:26:03.331986+00:00,8,2050,10000.0,0.0
2026-04-18T18:26:04.316397+00:00,8,2100,10000.0,0.0
2026-04-18T18:26:05.269876+00:00,8,2150,10000.0,0.0
2026-04-18T18:26:06.236692+00:00,8,2200,10000.0,0.0
2026-04-18T18:26:07.231633+00:00,8,2250,10000.0,0.0
2026-04-18T18:26:08.180027+00:00,8,2300,10000.0,0.0
2026-04-18T18:26:09.156632+00:00,8,2350,10000.0,0.0
2026-04-18T18:26:10.130218+00:00,8,2400,10000.0,0.0
2026-04-18T18:26:11.116490+00:00,8,2450,10000.0,0.0
2026-04-18T18:26:12.091608+00:00,8,2500,10000.0,0.0
2026-04-18T18:26:13.088494+00:00,8,2550,10000.0,0.0
2026-04-18T18:26:14.061827+00:00,8,2600,10000.0,0.0
2026-04-18T18:26:15.020978+00:00,8,2650,10000.0,0.0
2026-04-18T18:26:15.957701+00:00,8,2700,10000.0,0.0
2026-04-18T18:26:16.917785+00:00,8,2750,10000.0,0.0
2026-04-18T18:26:17.863682+00:00,8,2800,10000.0,0.0
2026-04-18T18:26:18.857197+00:00,8,2850,10000.0,0.0
2026-04-18T18:26:19.858436+00:00,8,2900,10000.0,0.0
2026-04-18T18:26:20.820117+00:00,8,2950,10000.0,0.0
2026-04-18T18:26:21.738579+00:00,8,3000,10000.0,0.0
2026-04-18T18:26:22.663158+00:00,8,3050,10000.0,0.0
2026-04-18T18:26:23.582378+00:00,8,3100,10000.0,0.0
2026-04-18T18:26:24.530654+00:00,8,3150,10000.0,0.0
2026-04-18T18:26:25.436444+00:00,8,3200,10000.0,0.0
2026-04-18T18:26:26.359481+00:00,8,3250,10000.0,0.0
2026-04-18T18:26:27.262361+00:00,8,3300,10000.0,0.0
2026-04-18T18:26:28.169268+00:00,8,3350,10000.0,0.0
2026-04-18T18:26:29.064418+00:00,8,3400,10000.0,0.0
2026-04-18T18:26:29.987260+00:00,8,3450,10000.0,0.0
2026-04-18T18:26:30.923240+00:00,8,3500,10000.0,0.0
2026-04-18T18:26:31.863720+00:00,8,3550,10000.0,0.0
2026-04-18T18:26:32.815842+00:00,8,3600,10000.0,0.0
2026-04-18T18:26:33.760304+00:00,8,3650,10000.0,0.0
2026-04-18T18:26:34.712968+00:00,8,3700,10000.0,0.0
2026-04-18T18:26:35.678617+00:00,8,3750,10000.0,0.0
2026-04-18T18:26:36.621365+00:00,8,3800,10000.0,0.0
2026-04-18T18:26:37.573624+00:00,8,3850,10000.0,0.0
2026-04-18T18:26:38.544283+00:00,8,3900,10000.0,0.0
2026-04-18T18:26:39.498340+00:00,8,3950,10000.0,0.0
2026-04-18T18:26:40.439963+00:00,8,4000,10000.0,0.0
2026-04-18T18:26:41.441928+00:00,8,4050,10000.0,0.0
2026-04-18T18:26:42.385634+00:00,8,4100,10000.0,0.0
2026-04-18T18:26:43.339798+00:00,8,4150,10000.0,0.0
2026-04-18T18:26:44.328710+00:00,8,4200,10000.0,0.0
2026-04-18T18:26:45.296822+00:00,8,4250,10000.0,0.0
2026-04-18T18:26:46.292396+00:00,8,4300,10000.0,0.0
2026-04-18T18:26:47.649885+00:00,9,50,10000.0,0.0
2026-04-18T18:26:48.617316+00:00,9,100,10000.0,0.0
2026-04-18T18:26:49.566708+00:00,9,150,10000.0,0.0
2026-04-18T18:26:50.512076+00:00,9,200,10000.0,0.0
2026-04-18T18:26:51.465217+00:00,9,250,10000.0,0.0
2026-04-18T18:26:52.427723+00:00,9,300,10000.0,0.0
2026-04-18T18:26:53.395035+00:00,9,350,10000.0,0.0
2026-04-18T18:26:54.410409+00:00,9,400,10000.0,0.0
2026-04-18T18:26:55.392593+00:00,9,450,10000.0,0.0
2026-04-18T18:26:56.363555+00:00,9,500,10000.0,0.0
2026-04-18T18:26:57.345348+00:00,9,550,10000.0,0.0
2026-04-18T18:26:58.312306+00:00,9,600,10000.0,0.0
2026-04-18T18:26:59.285968+00:00,9,650,10000.0,0.0
2026-04-18T18:27:00.256008+00:00,9,700,10000.0,0.0
2026-04-18T18:27:01.220224+00:00,9,750,10000.0,0.0
2026-04-18T18:27:02.170252+00:00,9,800,10000.0,0.0
2026-04-18T18:27:03.168824+00:00,9,850,10000.0,0.0
2026-04-18T18:27:04.143808+00:00,9,900,10000.0,0.0
2026-04-18T18:27:05.104863+00:00,9,950,10000.0,0.0
2026-04-18T18:27:06.089030+00:00,9,1000,10000.0,0.0
2026-04-18T18:27:07.069888+00:00,9,1050,10000.0,0.0
2026-04-18T18:27:08.032182+00:00,9,1100,10000.0,0.0
2026-04-18T18:27:09.003011+00:00,9,1150,10000.0,0.0
2026-04-18T18:27:09.965761+00:00,9,1200,10000.0,0.0
2026-04-18T18:27:10.937979+00:00,9,1250,10000.0,0.0
2026-04-18T18:27:11.940417+00:00,9,1300,10000.0,0.0
2026-04-18T18:27:12.910689+00:00,9,1350,10000.0,0.0
2026-04-18T18:27:13.886295+00:00,9,1400,10000.0,0.0
2026-04-18T18:27:14.855859+00:00,9,1450,10000.0,0.0
2026-04-18T18:27:15.820400+00:00,9,1500,10000.0,0.0
2026-04-18T18:27:16.783008+00:00,9,1550,10000.0,0.0
2026-04-18T18:27:17.772625+00:00,9,1600,10000.0,0.0
2026-04-18T18:27:18.744626+00:00,9,1650,10000.0,0.0
2026-04-18T18:27:19.702108+00:00,9,1700,10000.0,0.0
2026-04-18T18:27:20.658488+00:00,9,1750,10000.0,0.0
2026-04-18T18:27:21.615758+00:00,9,1800,10000.0,0.0
2026-04-18T18:27:22.590237+00:00,9,1850,10000.0,0.0
2026-04-18T18:27:23.593438+00:00,9,1900,10000.0,0.0
2026-04-18T18:27:24.548823+00:00,9,1950,10000.0,0.0
2026-04-18T18:27:25.504874+00:00,9,2000,10000.0,0.0
2026-04-18T18:27:26.469441+00:00,9,2050,10000.0,0.0
2026-04-18T18:27:27.418854+00:00,9,2100,10000.0,0.0
2026-04-18T18:27:28.380586+00:00,9,2150,10000.0,0.0
2026-04-18T18:27:29.422473+00:00,9,2200,10000.0,0.0
2026-04-18T18:27:30.391061+00:00,9,2250,10000.0,0.0
2026-04-18T18:27:31.352401+00:00,9,2300,10000.0,0.0
2026-04-18T18:27:32.297918+00:00,9,2350,10000.0,0.0
2026-04-18T18:27:33.247147+00:00,9,2400,10000.0,0.0
2026-04-18T18:27:34.221708+00:00,9,2450,10000.0,0.0
2026-04-18T18:27:35.232611+00:00,9,2500,10000.0,0.0
2026-04-18T18:27:36.200627+00:00,9,2550,10000.0,0.0
2026-04-18T18:27:37.160404+00:00,9,2600,10000.0,0.0
2026-04-18T18:27:38.109591+00:00,9,2650,10000.0,0.0
2026-04-18T18:27:39.064244+00:00,9,2700,10000.0,0.0
2026-04-18T18:27:40.018692+00:00,9,2750,10000.0,0.0
2026-04-18T18:27:40.998507+00:00,9,2800,10000.0,0.0
2026-04-18T18:27:41.954620+00:00,9,2850,10000.0,0.0
2026-04-18T18:27:42.905250+00:00,9,2900,10000.0,0.0
2026-04-18T18:27:43.878799+00:00,9,2950,10000.0,0.0
2026-04-18T18:27:44.832984+00:00,9,3000,10000.0,0.0
2026-04-18T18:27:45.802290+00:00,9,3050,10000.0,0.0
2026-04-18T18:27:46.803500+00:00,9,3100,10000.0,0.0
2026-04-18T18:27:47.753746+00:00,9,3150,10000.0,0.0
2026-04-18T18:27:48.723559+00:00,9,3200,10000.0,0.0
2026-04-18T18:27:49.671236+00:00,9,3250,10000.0,0.0
2026-04-18T18:27:50.638882+00:00,9,3300,10000.0,0.0
2026-04-18T18:27:51.582526+00:00,9,3350,10000.0,0.0
2026-04-18T18:27:52.553265+00:00,9,3400,10000.0,0.0
2026-04-18T18:27:53.505808+00:00,9,3450,10000.0,0.0
2026-04-18T18:27:54.460944+00:00,9,3500,10000.0,0.0
2026-04-18T18:27:55.420828+00:00,9,3550,10000.0,0.0
2026-04-18T18:27:56.375231+00:00,9,3600,10000.0,0.0
2026-04-18T18:27:57.319285+00:00,9,3650,10000.0,0.0
2026-04-18T18:27:58.293048+00:00,9,3700,10000.0,0.0
2026-04-18T18:27:59.259738+00:00,9,3750,10000.0,0.0
2026-04-18T18:28:00.210729+00:00,9,3800,10000.0,0.0
2026-04-18T18:28:01.166447+00:00,9,3850,10000.0,0.0
2026-04-18T18:28:02.294411+00:00,9,3900,10000.0,0.0
2026-04-18T18:28:03.252420+00:00,9,3950,10000.0,0.0
2026-04-18T18:28:04.225410+00:00,9,4000,10000.0,0.0
2026-04-18T18:28:05.179018+00:00,9,4050,10000.0,0.0
2026-04-18T18:28:06.134213+00:00,9,4100,10000.0,0.0
2026-04-18T18:28:07.125356+00:00,9,4150,10000.0,0.0
2026-04-18T18:28:08.130794+00:00,9,4200,10000.0,0.0
2026-04-18T18:28:09.093684+00:00,9,4250,10000.0,0.0
2026-04-18T18:28:10.065006+00:00,9,4300,10000.0,0.0
2026-04-18T18:28:11.426792+00:00,10,50,10000.0,0.0
2026-04-18T18:28:12.442276+00:00,10,100,10000.0,0.0
2026-04-18T18:28:13.407066+00:00,10,150,10000.0,0.0
2026-04-18T18:28:14.390335+00:00,10,200,10000.0,0.0
2026-04-18T18:28:15.345209+00:00,10,250,10000.0,0.0
2026-04-18T18:28:16.300092+00:00,10,300,10000.0,0.0
2026-04-18T18:28:17.263023+00:00,10,350,10000.0,0.0
2026-04-18T18:28:18.229109+00:00,10,400,10000.0,0.0
2026-04-18T18:28:19.173683+00:00,10,450,10000.0,0.0
2026-04-18T18:28:20.166248+00:00,10,500,10000.0,0.0
2026-04-18T18:28:21.124994+00:00,10,550,10000.0,0.0
2026-04-18T18:28:22.103781+00:00,10,600,10000.0,0.0
2026-04-18T18:28:23.072751+00:00,10,650,10000.0,0.0
2026-04-18T18:28:24.052334+00:00,10,700,10000.0,0.0
2026-04-18T18:28:24.964760+00:00,10,750,10000.0,0.0
2026-04-18T18:28:25.893478+00:00,10,800,10000.0,0.0
2026-04-18T18:28:26.825111+00:00,10,850,10000.0,0.0
2026-04-18T18:28:27.738707+00:00,10,900,10000.0,0.0
2026-04-18T18:28:28.642126+00:00,10,950,10000.0,0.0
2026-04-18T18:28:29.574256+00:00,10,1000,10000.0,0.0
2026-04-18T18:28:30.500589+00:00,10,1050,10000.0,0.0
2026-04-18T18:28:31.441065+00:00,10,1100,10000.0,0.0
2026-04-18T18:28:32.376563+00:00,10,1150,10000.0,0.0
2026-04-18T18:28:33.335416+00:00,10,1200,10000.0,0.0
2026-04-18T18:28:34.268103+00:00,10,1250,10000.0,0.0
2026-04-18T18:28:35.225052+00:00,10,1300,10000.0,0.0
